{
  "generated_at": "2026-02-04T11:39:42.771062",
  "total_tasks": 1356,
  "overall": {
    "accuracy_mean": 0.9763566248770894,
    "accuracy_std": 0.08929023873379936,
    "success_rate": 0.8089970501474927
  },
  "by_transformation": {
    "add_border": {
      "count": 49,
      "accuracy_mean": 1.0,
      "success_rate": 1.0
    },
    "color_change": {
      "count": 41,
      "accuracy_mean": 0.9897560975609756,
      "success_rate": 0.8292682926829268
    },
    "reflection": {
      "count": 165,
      "accuracy_mean": 0.9667373737373737,
      "success_rate": 0.793939393939394
    },
    "rotation": {
      "count": 156,
      "accuracy_mean": 0.9440905448717948,
      "success_rate": 0.5384615384615384
    },
    "translation": {
      "count": 190,
      "accuracy_mean": 0.9941052631578947,
      "success_rate": 0.8315789473684211
    },
    "composite": {
      "count": 147,
      "accuracy_mean": 0.9629662698412698,
      "success_rate": 0.5918367346938775
    },
    "draw_line": {
      "count": 98,
      "accuracy_mean": 0.9987755102040816,
      "success_rate": 0.9693877551020408
    },
    "tiling": {
      "count": 182,
      "accuracy_mean": 1.0,
      "success_rate": 1.0
    },
    "flood_fill": {
      "count": 81,
      "accuracy_mean": 1.0,
      "success_rate": 1.0
    },
    "scaling": {
      "count": 92,
      "accuracy_mean": 0.9965217391304347,
      "success_rate": 0.9021739130434783
    },
    "symmetry": {
      "count": 84,
      "accuracy_mean": 0.9900446428571428,
      "success_rate": 0.7619047619047619
    }
  },
  "by_model": {
    "llama3": {
      "count": 412,
      "accuracy_mean": 0.9734187904530744,
      "success_rate": 0.7718446601941747
    },
    "mistral": {
      "count": 52,
      "accuracy_mean": 0.9798958333333333,
      "success_rate": 0.8269230769230769
    },
    "phi3": {
      "count": 52,
      "accuracy_mean": 0.9752804487179488,
      "success_rate": 0.8076923076923077
    },
    "gemma2": {
      "count": 840,
      "accuracy_mean": 0.9776450892857143,
      "success_rate": 0.8261904761904761
    }
  }
}