{
  "generated_at": "2026-02-02T16:02:31.539021",
  "total_tasks": 516,
  "overall": {
    "accuracy_mean": 0.9742591246770026,
    "accuracy_std": 0.08040473284218573,
    "success_rate": 0.7810077519379846
  },
  "by_transformation": {
    "add_border": {
      "count": 25,
      "accuracy_mean": 1.0,
      "success_rate": 1.0
    },
    "color_change": {
      "count": 17,
      "accuracy_mean": 0.9964705882352942,
      "success_rate": 0.9411764705882353
    },
    "reflection": {
      "count": 68,
      "accuracy_mean": 0.9650245098039216,
      "success_rate": 0.7794117647058824
    },
    "rotation": {
      "count": 59,
      "accuracy_mean": 0.945021186440678,
      "success_rate": 0.4745762711864407
    },
    "translation": {
      "count": 82,
      "accuracy_mean": 0.9965853658536585,
      "success_rate": 0.9024390243902439
    },
    "composite": {
      "count": 63,
      "accuracy_mean": 0.942635582010582,
      "success_rate": 0.42857142857142855
    },
    "draw_line": {
      "count": 39,
      "accuracy_mean": 0.997948717948718,
      "success_rate": 0.9487179487179487
    },
    "tiling": {
      "count": 62,
      "accuracy_mean": 1.0,
      "success_rate": 1.0
    },
    "flood_fill": {
      "count": 22,
      "accuracy_mean": 1.0,
      "success_rate": 1.0
    },
    "scaling": {
      "count": 26,
      "accuracy_mean": 0.9946153846153846,
      "success_rate": 0.8846153846153846
    },
    "symmetry": {
      "count": 24,
      "accuracy_mean": 0.9826562499999999,
      "success_rate": 0.6666666666666666
    }
  },
  "by_model": {
    "llama3": {
      "count": 412,
      "accuracy_mean": 0.9734187904530744,
      "success_rate": 0.7718446601941747
    },
    "mistral": {
      "count": 52,
      "accuracy_mean": 0.9798958333333333,
      "success_rate": 0.8269230769230769
    },
    "phi3": {
      "count": 52,
      "accuracy_mean": 0.9752804487179488,
      "success_rate": 0.8076923076923077
    }
  }
}